id,mean_pol
3781,0.893543317
5506,0.98031794
6695,0.858815114
6976,0.976228532
8792,1.101418152
9273,1.03368427
9765,0.700130113
9824,0.700713384
9855,1.008952803
9857,0.778314898
9858,0
9859,0.767399945
9860,0.892859646
9870,0.731969562
10730,0.85790126
10758,0.65540934
10807,0
10811,0.9950882
10813,0
10986,0
12356,0.617156568
12441,0.645420639
13589,0.845362403
13592,0.62651054
18711,0.794533117
21337,0.611606798
21891,1.027911054
22212,0.65814291
22354,0.808417254
23619,0.839842999
24240,0.940116995
26160,0.991541143
27141,0.517449957
27546,0.735831638
27611,0.719727871
28150,0.742260908
29765,0.941056188
31796,0.714399027
38579,0.909603184
39116,1.029622587
40601,1.142233328
44205,0.92755071
45987,1.073011149
47521,0.767201767
50032,0.62523922
57156,0.596586417
60029,0.936004046
60356,0.659930938
67774,0.854274715
69369,0.864118836
76073,0.838787893
77681,0.725505622
77691,0.751902707
82637,0.818413408
91588,0.943524602
95453,1.166592876
115936,0.538925217
118905,0.810587625
160572,1.021389896
163941,0.845615886
169430,0.803450867
176006,0.879747177
177129,0.925202481
179244,0.80108125
179245,0.913551603
182049,0.859169226
182613,1.010132246
190170,0.772336947
196806,1.052104558
197146,0.727046412
197727,1.121960833
197972,0.970277832
200265,0.857949907
205894,0.670777254
210097,0.953969464
213086,0.786627445
217498,0.982160802
225224,0.748326224
225834,0.85166625
225979,0.922924618
232990,0.918296735
238846,0.7179528
257588,0.888093173
276450,0.751699715
295285,0.783069534
311240,0.912537189
315982,0.585480828
318050,1.075030286
322593,0.979676405
332225,1.119980648
336788,1.008945015
336946,0.887548149
349347,0.712857743
349409,0.666893754
369880,0.914605946
369940,0.837582634
377474,0.723042366
381187,0.816386989
395975,0.812221279
400067,1.06010577
414419,0.81475416
442735,1.090278666
444425,0.640111791
447826,0.980144497
466300,0.544832527
472070,0.704122728
475254,0.662108062
496022,0.905341256
497810,0.819406405
508017,0.892758547
519272,0.980586207
526970,0.733444199
530983,0.78326865
531552,0.771419819
533114,0.944307906
533152,0.777096669
536865,0.644761763
554720,1.007183087
561769,0.489929706
568234,0.964468455
570493,0.925562366
579605,0.549934941
583255,1.11170121
585148,0.900942062
586994,0.589588762
594693,0.941950036
601763,0.618021943
611081,0.626518424
619142,0.986585235
639101,1.068637313
639111,1.264033503
646087,0.592040211
650956,0.808365651
658029,0.630430462
697078,0.555887362
708802,0.929972623
713627,0.95405567
728238,0.875562169
732932,1.024885686
732999,1.27482136
735970,1.076750188
743211,0.987223276
750438,0.987583233
753446,0.932384098
766700,0.837085803
777903,0.956274561
798957,0.949534332
799701,1.092887562
801680,0.872812243
801722,1.029175563
805307,0.832840366
815639,0.842688497
820073,1.2212512
826706,0.656012355
831744,1.041225521
839265,0.693540069
847808,0.913332921
847856,0.911581046
849408,0.90598487
851927,1.143700219
886378,0.259551021
886668,0.701110995
891661,0.84599405
891953,0.56714827
894539,0.875382119
916123,0.780515519
950046,1.084020016
957224,0.942450725
962610,0.964039964
973695,0.938208347
989163,1.052181642
990668,0.900408785
1009275,0.92587313
1030500,0.989910022
1038465,0.775120322
1042420,0.842503704
1058448,1.002870221
1067184,0.965548385
1071235,0.945307172
1074406,0.894167324
1081386,0.947298192
1090413,0.938548299
1090545,0.863882025
1092093,0.770797703
1102623,0.936614082
1106555,0.673699733
1109224,0.869650388
1110423,1.027682677
1112067,0.795475231
1112193,0.747502577
1113272,0.990905824
1115394,0.918868271
1128894,0.741528898
1136972,0.939228068
1141522,0.701123713
1141888,0.8569259
1143410,0.754515365
1147871,0.698192187
1161210,0.83014881
1167221,0.917150463
1170157,0.672029537
1171553,0.992812389
1171578,1.044822012
1175376,0.747936788
1178106,0.665727248
1178162,0.714478773
1179165,0.402951353
1183032,0.904700645
1187188,1.176781193
1197857,0.723748454
1198779,0.836542041
1200502,0.935469541
1204755,0.931615726
1214214,1.661700936
1220971,0.851025279
1222327,1.1561981
1240598,0.593116867
1252289,0.943651237
1252489,1.030211294
1275498,0.849821609
1278391,1.055130216
1301822,0.878021214
1303261,1.166510067
1321422,0.917006902
1327725,0.934059752
1332786,0.88430061
1340290,0.887078698
1340649,0.791430816
1342370,0.661632677
1352776,0.941408119
1365335,0.908590428
1374434,0.785386044
1374466,0.845360666
1375194,1.056305628
1376425,0.828697784
1391215,0.711320659
1391492,0.94656073
1403408,1.075345272
1421610,0.963853322
1425973,0.988929091
1426711,0.625106049
1433483,0.825737711
1445064,1.037540586
1454258,0.960306008
1458081,0.745365592
1471308,0.59312011
1471373,0.651157455
1472481,0.94967033
1472520,0.812055751
1489289,1.105472815
1494726,0.696457058
1510876,0.917534285
1525494,0.675055622
1529321,0.796578447
1541166,0.978454404
1544702,0.915708495
1545185,0.917249387
1550047,0.716212233
1552406,0.967589364
1582688,0.799036236
1584362,0.861792712
1587540,0.922048259
1589392,0.449680497
1596470,1.043299308
1615033,0.74650621
1628130,1.552228
1631942,0.941275782
1638584,0.7582408
1644031,0.824257022
1648950,0.795085994
1658983,0.945220656
1668313,0.835273287
1682936,0.846739714
1688705,0.904562622
1692573,0.913297666
1704090,0.820586186
1721016,0.883463392
1724900,0.871982646
1732804,1.052920241
1749473,0.757549933
1754939,0.903204027
1757417,1.140339353
1810172,0.99296422
1810397,0.944060731
1815326,0.959935861
1819994,0.554700196
1821633,1.00398484
1839549,0.885696435
1840255,0.904911808
1850260,0.72873626
1861070,0.852566927
1863443,0.793317536
1864705,0.756665363
1867834,1.000736934
1867881,0.893359613
1868004,1.208466321
1868124,1.079949245
1868513,0.969767306
1873046,0.412912918
1881180,0.962029919
1881298,0.831094374
1884045,0.698126726
1885386,0.914365498
1885825,0.857647002
1886037,0.291729983
1887507,0.807831726
1887581,0.762013698
1899770,0.959186026
1929406,0.581955239
1935042,0.769654483
1937433,0.911404215
1944976,0.608124534
1948096,0.579525294
1949996,1.156987806
1956275,0.808791734
1960407,0.838433956
1961034,0.920634329
1964878,0.733140306
1966195,0.922824742
2000797,0.763760804
2014651,0.903327538
2014882,0.801415499
2016500,0.915742558
2021483,0.724396284
2021489,0.86722585
2022303,0.86172824
2031909,0.286752156
2033103,0.650448628
2050034,1.114643655
2108738,0.893791431
2114274,0.798242814
2126053,0.779059199
2134805,0.654793862
2135075,0.616940178
2141306,1.108906517
2167993,1.014284509
2174711,0.735251712
2183058,0.996926227
2186358,1.079407663
2187766,0.7099095
2214923,0.894427191
2215762,1.468980126
2216767,1.121737166
2219399,0.928146938
2243499,0.755095684
2246959,0.699975521
2247190,0.772499285
2262752,1.130753241
2277821,0.949210571
2278704,0.727764463
2292495,0.887102709
2295530,0.975441801
2301709,0.825680642
2326445,1.036053606
2331886,0.826716022
2365632,0.967978043
2372459,1.137099147
2372987,0.70325692
2376518,0.940720839
2378421,1.075917137
2384107,0.931341316
2395326,0.998331337
2410846,0.814743559
2429961,0.729745847
2441095,0.610445334
2495047,0.842487986
2515870,0.905019784
2526773,0.708041714
2529318,0.632676106
2547129,0.614437102
2549840,0.893895497
2564544,1.055119746
2583074,1.001947297
2592416,0.836777879
2601744,1.095745427
2621242,1.135770879
2636365,0.882349082
2640459,0.756906684
2649521,0.887402245
2657905,0.812798617
2658094,0.821698739
2660908,0.601363731
2672058,0.846192373
2683284,0.950744813
2694019,0.870317483
2698996,1.024080999
2701124,0.830832955
2706986,0.91313448
2723274,1.293162471
2737853,1.044279056
2747654,0.47158951
2754149,0.846073005
2754975,0.921279263
2776391,0.734913567
2778656,0.770083784
2794782,0.932128053
2798787,1.012933775
2811937,0.866376059
2828803,0.91232333
2843445,1.023292906
2843596,0.929904016
2846739,0.710484197
2862120,0.849602943
2875267,1.01393844
2880944,0.912048023
2881388,0.956228004
2886933,0.908706952
2915595,0.916933175
2915643,0
2930663,0.877449774
2931165,0.797398548
2931271,0.685891247
2931870,0.741502641
2947662,0.933373316
2963419,1.139276647
3006311,1.140721039
3021862,0.847686209
3032367,1.022158183
3052935,0.811368099
3057116,0.828836658
3060038,0.861023827
3068453,0.618587231
3075044,0.922760205
3079305,0.905271706
3094942,1.373487085
3129309,0.875630649
3156111,0.322147891
3164650,0.893515054
3181719,0.93811424
3182652,0.526915929
3193484,0.973637965
3198169,0.924542942
3229255,0.949452681
3250847,0.954642696
3278624,0.759372989
3294152,0.779295618
3294775,0.844680228
3302294,0.711382876
3303497,1.028231857
3309941,1.019194297
3341329,1.058300524
3342094,1.161385617
3342206,0.847672452
3343428,1.13149414
3344322,0.857012922
3363097,1.021119632
3369898,1.037978198
3377100,0.931052249
3389896,0.865818909
3410087,0.599024013
3420384,0.708829207
3432035,0.923353325
3432321,0.959298963
3432438,0.828104752
3434614,0.840030271
3457722,0.91681953
3463914,1.187749573
3467633,0.957455883
3493840,0.804315285
3519768,1.071037467
3520353,0.940518687
3521944,0.648572003
3522237,0.748922231
3528826,0.98661825
3539510,0.763351908
3575220,0.980877141
3589267,0.888555153
3589869,0.519346756
3591359,0.928495478
3591388,0.980334581
3593290,0.916556396
3601030,0.946193732
3601254,0.446831956
3602379,0.837432995
3605045,0.419920421
3606396,0.673445723
3615760,0.786529802
3628320,0.761438204
3641545,0.796906894
3656168,1.349629595
3664031,0.855055644
3693850,0.990293723
3701108,0.769447285
3704801,0.630307597
3727560,0.820447924
3730447,0.961319679
3749523,0.934067846
3755609,0.914778013
3783090,0.996268793
3788075,0.821530892
3792147,0.866335208
3802530,0.874156695
3820516,0.353553391
3865336,1.040340629
3867014,0.82188646
3873776,0.880794336
3881993,0.832489305
3888360,0.779667657
3890373,0.991556276
3903324,1.012081215
3905508,0.872398454
3914363,0.798811779
3914729,0.757283732
3931204,1.126415381
3945704,0.969934047
3946215,0.934026837
3953472,1.212874186
3965313,0.513695052
3965492,0.635798223
3965658,0.679660248
3966626,0.795298624
3966772,0.560006021
3967016,0.862849731
3967592,0.445709012
3967611,1.07589169
3967690,0.719108135
3968797,0.884723487
3969526,0.952221207
3985462,1.029326958
3987926,0.890987515
3988018,0.831531794
3997572,1.038371879
4000384,1.014611502
4015972,0.8833169
4020650,0.559771162
4025194,0.88082038
4030229,1.172877835
4032756,0.852956543
4040151,0.856305325
4044840,0.969649949
4053612,1.007108241
4069422,0.973793421
4075898,0.926946733
4080849,0.333333333
4085362,1.120313148
4089940,0.835641769
4090224,0.948902498
4105704,0.916916963
4107959,1.036574731
4109165,0.666666667
4112178,1.341640786
4118162,0.766935739
4119345,1.321715949
4132983,0.801763649
4143561,0.738020706
4148586,0.778286997
4149974,0.915814108
4151979,0.88249108
4160585,1.064509448
4173285,1.137423032
4177233,0.782975755
4178790,0.809933615
4181163,0.970291044
4190704,0.547343668
4196643,0.535444275
4216208,0.697047983
4223387,0.9411038
4233242,0.930220893
4255538,1.010637019
4261781,1.058103921
4261784,0.91065303
4262255,0.986182666
4263736,1.068978528
4275846,0.467156296
4278067,0.881098927
4279959,0.861571151
4287348,0.913441141
4287366,0.535814946
4287989,0.66749094
4291607,0.590519156
4294557,1.133107157
4303606,1.008773509
4304969,0.933803659
4307812,0.729271163
4329915,0.788298446
4331214,1.059987519
4350995,0.811444005
4358181,1.115283642
4358790,0.929551086
4364925,0.924666263
4364989,0.938606772
4377247,0.903627656
4402259,0.90963469
4405982,1.287823119
4409819,1.13653025
4410142,1.002734731
4410765,0.65497065
4430821,1.255648812
4445906,0.675387848
4446413,0.542524379
4447430,1.189717017
4447990,0.766796408
4456987,1.062312643
4460532,1.070259424
4461111,0.829870276
4461613,0.746017919
4461846,0.846534357
4461901,0.774950363
4467841,1.654690303
4489490,0.795681176
4489920,1.003802295
4490826,0.916955042
4500409,0.708716792
4510513,1.075156747
4516065,0.777292311
4526315,0.985433022
4526384,0.684296807
4530670,0.916920577
4546333,0.729856072
4547353,1.11351611
4549374,1.040012228
4553903,0.876650113
4555637,1.024873971
4560053,0.728952016
4565470,0.708452918
4567815,1.182976522
4568116,0.976555566
4573238,0.66857171
4573388,0.758313321
4573458,0.65926955
4574921,0.581234142
4577188,0.746936938
4579186,0.594012457
4583526,0.9566664
4585452,0.791959595
4586681,1.032648716
4587068,0.770077084
4588530,1.257004592
4593974,0.778347448
4593985,0.819025115
4598026,0.89055472
4602191,0.92181624
4603588,0.902748054
4603803,0.552886378
4614037,0.895261617
4623114,0.562340888
4624582,1.141758129
4630071,1.353217795
4632511,0.63117368
4638356,1.028777668
4644069,1.434013055
4644455,0.900682003
4645486,1.202045334
4652263,1.152922707
4653267,0.693476093
4658261,0.965301364
4662379,0.680823679
4670285,0.923212699
4687499,0.754193661
4698367,0.894124717
4699828,0.630048155
4710583,0.301511345
4718577,0.985624373
4736217,1.375367719
4737304,0.888629236
4741722,0.640055203
4759640,1
4765070,0.749774662
4766321,0.89258276
4787213,1.095206555
4792901,0.530775169
4793787,1.034174547
4820071,0.910706621
4828640,0.901418223
4838985,0.805915576
4860853,0.639103922
4863101,0.863503222
4863108,0.797744942
4868653,0.889958904
4870883,0.89495972
4875342,0.721850057
4879579,0.760647508
4909590,0.940362327
4912544,1.181879828
4917583,1.233333333
4922204,0.966345913
4924910,0.670513907
4934600,0.763248242
4958693,2.222391692
4964365,0.797952125
4972820,0
4975581,0.8315885
4977034,0.946149387
4978467,0.964014658
4995033,0.973042497
5004278,1.056041913
5019306,1.059112692
5021859,1.096777758
5025015,0.680680378
5047340,0.974955062
5048406,0.790832195
5049582,0.837085547
5054601,0.850203091
5064995,0.812551586
5074924,0.635011297
5075267,0.575281421
5088560,1.000692362
5101552,0.894285594
5124772,0.842581394
5125723,0.907726753
5153080,1.202903461
5163162,0.915290295
5166870,1.003620717
5174821,0.944175438
5212321,1.302114093
5215982,0.719244945
5241043,0.646741317
5259996,0.660853641
5267396,0.956076911
5269216,0.823203884
5280183,1.046054694
5295491,0.871696207
5317935,1.077775158
5344465,0.765836658
5358742,1.108573935
5358934,0.892192674
5364137,0.775001971
5371051,0.892553562
5371687,1.159787438
5384923,0.98667075
5412487,0
5433246,1.387142863
5434353,0.973116699
5445126,0.784683277
5447285,1.358050078
5454513,0.897155065
5455004,0.976407576
5455293,0.992119123
5478135,0.943064263
5495267,2.416843158
5498472,0.19245009
5511911,1.580526658
5511924,1.101411821
5521378,1.003825987
5526487,0.905114113
5526514,0.891161811
5532549,1.208212175
5534206,0.067840053
5550254,0.985703666
5581574,1.021850011
5581575,0.960656919
5582163,1.08552476
5584915,1.39763304
5588537,0.860150007
5590505,1.149473933
5592866,1.169266082
5593939,0.806890582
5601743,0.748484669
5606682,0.792039749
5612512,0.804769056
5616179,0.947714105
5639731,0.526023187
5640375,0.647436802
5652147,0.812995306
5659866,1.199965094
5660081,0
5661246,0.793582841
5690424,0.853182896
5690640,1.007734664
5702292,0.755414884
5706985,0.864976956
5709298,0.942090942
5714786,0.53611886
5717690,0.860751927
5718801,0.698268937
5718921,0.743331789
5719606,0.936969945
5725804,1.073563963
5726250,0.736996859
5726867,0.621860699
5734770,0.98540332
5738892,0.606608495
5739119,0.990387913
5743939,0.9320045
5762866,1.194699708
5768195,1.748314552
5768819,0.549289689
5769127,0.880751972
5781926,0.711111111
5782221,0.989140536
5783197,0.990766038
5784404,0.985989601
5813992,1
5826159,1.194135699
5832127,0.749939763
5834413,0.448997417
5844314,0.709781443
5856633,0.70979541
5858133,1.015473506
5870309,0.657131843
5870922,0.934087051
5871900,0.692234585
5874408,0.886678724
5882411,0.950093146
5884429,0.858070962
5885130,1.265852462
5899031,0.882143998
5903001,0.701628533
5904992,0.772756847
5919529,0.78205887
5927267,0.748661609
5932267,1.3118596
5940866,0.913023844
5953696,0.927869729
5959251,0.947685359
5959740,0
5967421,0.891605304
5969920,1.123738079
5976821,1.049594443
5990808,0.884473147
5990896,0.859795736
5999291,0.997329055
6000531,0.959236938
6006328,0.574836313
6009031,0.483432916
6014002,1.063246748
6015021,0.733616699
6015995,0.420410252
6017574,0.976458332
6019555,0.899372663
6027467,1.500825706
6050928,0.721571337
6053700,0.963418601
6065674,1.002725809
6066455,1.035744582
6066713,0.863584673
6069883,0.984934526
6072693,0.84682617
6075154,0.534679673
6075481,0.761014352
6080461,1.002681299
6088708,0.896375205
6089865,0.870732476
6104388,1.574872174
6106955,0.958766427
6119918,0.800289316
6131224,0.811900546
6134013,0.947427739
6134145,0.875756467
6134867,0.815230924
6151079,0.851543212
6160803,0.879361614
6168687,0.770264616
6179374,0.559986352
6181230,0.638821959
6181758,0.877278799
6197950,0.828893181
6198818,1.217929975
6213822,1.014903334
6214710,0.884930197
6238463,1.123798646
6248970,1.038357942
6261296,0.901630107
6268082,0.912405116
6268805,0.932479896
6276572,1.107224799
6277566,0.484697663
6287797,2.483008927
6291807,1.015500303
6292261,0.932630036
6296656,1.053127899
6300089,0.990732463
6310903,0.988482875
6316145,1.043051674
6317304,0.954022047
6317446,1.069063389
6317722,0.908748195
6323935,0.946524649
6324649,0.772946037
6326257,1.037585976
6343532,0.786584882
6348631,0.849516119
6355733,1.012913255
6356533,0.582307824
6370235,0.956260725
6373729,0.787561531
6378076,0.935393696
6390634,1.004878383
6390821,0.58287523
6400348,1.429623406
6400432,0.657465501
6401859,0.94086575
6410674,0.887959749
6425318,0.862832961
6425405,0.506479158
6426364,0.878378082
6444138,1.055800257
6444303,1.106337307
6446940,0.623891589
6449713,1.183920042
6449928,0.89223798
6465075,0.835114051
6476613,0.92
6489209,0.719749841
6513924,0.82398157
6523777,0.951744365
6543678,0.769629281
6544642,0.607140563
6552654,0.904381132
6554785,0.918741884
6568621,0.581743226
6576530,0.429447498
6602167,0.83150037
6602217,0.714011045
6603827,1.242476167
6609546,1.024419162
6613472,1.02978375
6614984,0.828189429
6626933,0.729390382
6627469,0.662830876
6629066,0.93251105
6629929,0.927463912
6640662,0.980378935
6646604,0.882280615
6655012,0.777681486
6676364,0.93714041
6677469,0.964076092
6677640,0.968952583
6685682,0.895871265
6690605,0.861575307
6693305,0.559016994
6705513,0.984744486
6706463,0
6709682,0.637315431
6730758,0.994042357
6741968,0.84746685
6758443,0.469035012
6758462,0.623533522
6758482,0.673806877
6759004,0.684900834
6759439,0.697113674
6761345,0
6762011,0.627704013
6763409,0.650305498
6763587,0.73033358
6764040,0.236906572
6764572,0.873937574
6765855,0.971755763
6780300,0.731570299
6780313,0.711081749
6790961,0.784047358
6793913,-0.3200922
6793945,1.049101663
6810723,0.225590637
6819620,0.939463763
6823017,0.832596261
6836689,1.322700106
6838488,0.322229598
6843795,0.854621072
6844012,1.005789691
6850880,0.265395521
6851459,0.667780312
6851460,1.376525807
6854216,1.096096972
6854357,0.615643073
6862758,1.274437499
6870366,0.900249162
6870485,0.911701737
6879036,0.72496298
6881541,0.964478595
6882615,0.760093242
6886946,1.035214617
6895050,0.907222986
6908525,0.722251909
6908672,0.884374488
6911945,1.024215843
6914622,1.182925462
6921241,0.594225082
6921672,0.808290377
6923942,0.762492852
6930501,1.103856103
6936712,0.897167252
6939097,0.447213595
6939759,1.0206372
6951829,0.831004442
6954861,1.04390427
6955911,0.769651089
6971836,0.85288495
6972426,1.078977981
6983246,0.99377459
6990904,0.749391208
6993585,0.893851994
7003280,0.849973554
7007801,0.607366833
7018497,0.842512465
7033732,0.850347428
7035556,1.043796721
7036112,0.969043252
7050397,1.225589232
7052171,0.989949494
7053454,0.933330088
7054912,1.276851703
7055184,0.475
7071883,0.991292398
7080514,1.365000295
7083889,1.158639291
7086825,0.994199263
7092874,1.147419465
7093109,0.778176749
7093184,0.699658239
7106162,0.715870511
7109689,1.410584514
7113260,0.819172922
7129785,0.731798684
7161203,0.898415319
7162684,0.89335105
7179321,0.947977101
7181950,0.994259472
7185881,1.177448874
7196771,0.723267721
7205210,1.043412074
7214920,1.220935079
7219056,0.577350269
7222349,0.880594367
7225376,0.982816699
7239024,0.928389088
7244031,1.016389486
7245413,-0.603022689
7246272,0.84811171
7252607,0.793909037
7273513,0.847723972
7273770,0.494561969
7275018,1.038084285
7275108,1.081325694
7279874,1.067226234
7281884,0.851300257
7287822,0.949484074
7292184,0.904046352
7293671,0.990768265
7294565,1.002605302
7298966,1.364207579
7308623,1.805787796
7310887,1.019170146
7325084,0
7330494,0.999064551
7342489,0.967236494
7346760,0.864863123
7367795,1.081636303
7368611,1.024296038
7395978,0.74880924
7403927,0.877026167
7420789,0.889826534
7421361,0.874573067
7441144,0.89238264
7449388,0.781586327
7454907,0.609317591
7462268,0.799639731
7470320,0.725378465
7472068,0.834478817
7474044,0.469571326
7474615,0.729881855
7474855,0.772952005
7475052,0.787884723
7475215,0.778578669
7475379,0.73972816
7475557,0.992495057
7475573,0.50038647
7476340,0.744146189
7479725,0.955281675
7482195,0.471404521
7482338,0.806373456
7497047,1.349256433
7499960,0.706674944
7508865,0.51394096
7509273,0.879606104
7511737,0.682315583
7511838,1.009368395
7513605,0.629060946
7514024,0.598076369
7514336,0.566570082
7527864,0.938761315
7531700,0.740578794
7540480,0.973102225
7561220,0.795990238
7562235,0.718591927
7573274,0.585917308
7575052,0.978032817
7582651,1.532027849
7592616,0.816496581
7596262,0.778808046
7611271,1.522458402
7614517,0.91659094
7618925,0.650810382
7620413,0.995815376
7630340,0.602567423
7633883,0.95097922
7635616,0.771733058
7651065,0.999002048
7665711,0.560857549
7678756,0.934603905
7692933,1.016847344
7693354,0.804043576
7694365,1.213709093
7694559,0.773391165
7698631,1.145577458
7699667,0.821556346
7708436,0.869423081
7713815,0.684281741
7714627,0.927050085
7716034,0.524950745
7721323,0.864431385
7724412,0.52203468
7725279,0.650305034
7728499,0.792866426
7728508,0.85093252
7731797,0.754339991
7732851,0.414613991
7735518,1.511857892
7740436,1.025715635
7740592,1.086390098
7741566,1.087470975
7745117,0.8696793
7749568,0.808589946
7755144,1.009473017
7783953,1.114096998
7789429,1.021948182
7797744,0.88364826
7804358,0.922302747
7805515,0.995701688
7809904,0.918158892
7825327,0.520043648
7832890,0.828253608
7837202,1.163061947
7840131,0.987752806
7840411,0.60978983
7840797,0.749182007
7845607,0.756772397
7853079,0.75662622
7854872,0.719910871
7856323,0.638363784
7868209,0.782303677
7869167,0.501875851
7869368,0.612372436
7871576,0
7874552,0.854046707
7879708,0.997005388
7880828,0.819398589
7894645,0.835884037
7900936,0.913150034
7910223,0.968397651
7911936,0.75868458
7912746,1.263974052
7913309,0.970127536
7914359,0.837122927
7914679,1.459565182
7916575,0.641675399
7920759,1.010753824
7921649,0.959289838
7927765,0.597863753
7931331,1.144854167
7931882,1.011921813
7933149,0.973845293
7934491,0.582794237
7939556,1.055312376
7949859,1.332154971
7956634,0.84110139
7961477,1.322087069
7965521,0.967911042
7978515,0.822077947
7986179,0.890614088
7988755,0.871852339
7996844,0.786741081
8006992,1.112078715
8011545,0.921216456
8014383,0.808293601
8014642,0.437375591
8014683,1.146990002
8014950,1.048575574
8015793,1.202081528
8025718,0.535740744
8029788,0.921635375
8034092,0.362688528
8036024,0.924109242
8048838,0.382090189
8051720,0.765164064
8052494,1.028370422
8052617,0.873837855
8053104,0.999556334
8055839,0.844302678
8063815,0.943628519
8063870,1.002812424
8065282,0.823914953
8067585,1.107411158
8082512,0.518201412
8097453,0.4
8099266,0.75
8112652,0.81155869
8116523,0.872186956
8129715,1.208291448
8133752,0.966011841
8134231,0.921260393
8146576,0.780868809
8160295,0.861158668
8162168,0.398147421
8163273,0.950535891
8164953,0.940036382
8165898,0.915152379
8170181,0.833397298
8187052,0.448286065
8189821,1.071504773
8193344,0.985164405
8200839,0.781773125
8201104,1.623869678
8206536,0.67427823
8211468,0.849186623
8212817,1.534631663
8224214,0.870932737
8226982,1.263664899
8227206,0.681330989
8231382,0.698474683
8238078,1.01554206
8252058,0.804830216
8265182,0.919768214
8271384,0.921872488
8272350,1.323382527
8274008,0.949075906
8275122,1.282948847
8283433,1.195683104
8283955,1.06054878
8291550,0.383602102
8301150,0.54883023
8301926,0.958418169
8302844,0.736056903
8303267,0.678888642
8303748,0.314285714
8309604,0.788360707
8309711,0.876775587
8316068,1.041460842
8325030,0.21821789
8325366,0.428098705
8325477,0.903438812
8325544,0.363966851
8327907,0.936655513
8334845,0.588518925
8335066,0.892979778
8336347,1.314284492
8336609,0.655974042
8340072,0.803700395
8354938,0.80993058
8388481,0.861829179
8402408,0.97000715
8403945,0.624244929
8406972,0.986812971
8409307,0.721040522
8410270,0.4
8417742,1.044201533
8420883,0.330993784
8422253,0.378062054
8422876,0.93877467
8428052,1.218667148
8428314,0.862288809
8439372,0.774542574
8439661,0.767370366
8442154,1.127043058
8442940,1.036525234
8454985,0.869311663
8458210,0.93956194
8480507,0.923287343
8482847,0.730042529
8488594,0.4615147
8490356,1.156510915
8495348,0.663673037
8515356,0.933114059
8518091,0.967579039
8518237,0.935057411
8521792,0.911021546
8523157,1.148231676
8548176,0.856120467
8552338,1.031456569
8553163,1.028288375
8555187,0.847343461
8556025,0.887464017
8563141,0.789168823
8566407,0.875821112
8575476,0.988589769
8577620,0.627031807
8584276,0.915816617
8595650,1.118266625
8596320,1.030372143
8596566,0.979354897
8624898,0.755635941
8634599,0.785314905
8645254,0.589041648
8649257,0.65388099
8662258,0.914644294
8688811,0.711744211
8696200,0.892452927
8696236,0.922364688
8700820,0.862602368
8703026,0.749702509
8704828,0.72185811
8711300,1.997406123
8717204,0.918601624
8720718,0.986554044
8732121,0.794399909
8734707,0.993710404
8735827,1.06319957
8747720,1.281428325
8751275,0.752259718
8758450,1.159593069
8774554,0.723944938
8780440,1.00605444
8789821,0.791214704
8799256,0.918662123
8801250,0.942089435
8813451,0.928849835
8814039,0.673659039
8814105,0.978809416
8814215,0.520222307
8814479,0.841480427
8814532,0.870002926
8815257,0.978637405
8830015,0.83378183
8859689,0.911304917
8886703,0.90697912
8888378,0.970851937
8902304,0.790118049
8904297,0.902462597
8904656,1.049609874
8908145,1.150077914
8919439,0.691972479
8923817,0.651377146
8924562,0.841332174
8931487,0.954386479
8934152,1.280511264
8934599,0.804479479
8947232,0.620680173
8962914,1.043248822
8970393,1.002724511
8981656,0.952008334
8987722,0.904608012
8988506,0.870291397
9002927,2.302567737
9013631,1.058458754
9018434,0.453557368
9040476,1.378858223
9041513,2.294157339
9047646,0
9057418,0.833625688
9057435,0.849182069
9072821,1.123109746
9078998,0.984354614
9094794,0
9107357,0.8823699
9109401,0.957864216
9110588,0.729483199
9114896,1.019439669
9117009,0.73575649
9125711,0
9130532,0.631880897
9133627,0.692871127
9137560,1.276090043
9145242,0.793878907
9148781,1.212059712
9166393,0.98008746
9169272,0
9180947,0.862846004
9197535,0.676289488
9207914,1.006029766
9208166,1.010179903
9212213,0.812701113
9218312,1.004900521
9229058,1.058443804
9231486,1.044007354
9231509,0
9237653,0.877954716
9238963,0.369274473
9239512,0.892050955
9250014,0.812467119
9255725,1.024600376
9256035,0.804482347
9259184,0.932506157
9275838,0.279154044
9292118,0.892721294
9301075,1.022434329
9327506,1.61245155
9331460,0.945217578
9340410,0.947457467
9343915,0.766108711
9344096,0.584538088
9346513,0.879875907
9349614,0
9349646,0.39223227
9362821,0.731485513
9364092,0.92113736
9367059,0.828287942
9380145,1.341640786
9382898,0.748645942
9383459,0.815522909
9393163,0
9407895,0.400452238
9414160,1.193635961
9425087,0.851505491
9425902,0.848677935
9430774,1.183568052
9445192,0.689211947
9448243,0.984512634
9452993,0.903560978
9459945,1.416946792
9463444,0.69290773
9473816,0.937504799
9477550,0.742785114
9485607,0.879813852
9493951,0.682318858
9494098,0.376307876
9494212,0.768880269
9494511,0.879802006
9496337,0.822268344
9507164,0.10635275
9508975,1.729932561
9541295,0.906708565
9541666,0.577350269
9549850,0.868084453
9570618,0.895442106
9575439,0.820977447
9590679,0.948049192
9591772,1.181678313
9614024,0.547085392
9626428,1.096688628
9676551,0.870857985
9685076,0.288561541
9685085,0.924649758
9685102,0.840467178
9706199,0.712354405
9709597,0.44907312
9711934,0.868872
9725178,0.588602485
9727523,0.654646247
9731479,0.992739686
9750460,0.9554826
9751520,0.93951944
9755993,1.277474261
9757412,0.799242214
9809631,0.721666748
9824155,0.666086003
9825415,0.936945578
9834617,0.602235194
9834727,0.759907483
9841140,1.182300064
9845039,0.813979023
9854083,0.610847222
9855805,0.701552154
9857049,0.755156442
9858828,0.784014686
9878803,0.891943443
9885963,0.943898695
9894686,0.814615127
9896713,0.921882764
9897713,0.865822401
9900315,0.875521828
9918713,0.585219807
9920084,0.808400945
9922595,1.612441085
9949819,0.554321863
9953144,1.260922662
9971054,0.88057439
9991857,0.842717098
9992143,0.864296648
9993602,2.398098209
10004575,0.735639447
10021398,0.829924476
10032327,1.200939395
10033715,0.584094713
10034113,0.707106781
10034183,1.049501259
10036037,0.062660836
10050351,0.546416898
10052622,1.222020185
10052824,1.120139266
10053032,0.69819299
10054046,0.417028828
10054194,0.969729436
10056496,0.553525362
10059572,0.936946767
10068240,0.716692217
10070404,0.693102755
10083878,1.007200839
10084216,0.93015214
10103725,1.167544729
10106081,0.925228803
10116429,1.133333333
10116601,2.27215023
10116726,1.043551628
10117329,0.806124172
10117803,0.60506687
10127270,0.891337623
10132073,0.540256911
10137247,0.45
10138792,0.963940475
10138904,0.468891599
10149314,1.313563594
10164759,0.837506073
10164810,0.745199243
10175033,1.020355028
10186477,1.138378972
10190260,0.795879801
10208321,1.028800719
10211953,1.053943937
10227043,0.905656379
10228228,0.595700795
10228457,0.999342977
10231171,0.911655713
10231714,0.857871392
10233104,0.705888698
10234895,0.528634493
10241577,0.27118022
10249798,0.683865827
10253591,1.001985728
10253899,0.656122261
10254205,1.212696564
10262069,0.367423461
10264774,0.63932917
10266928,0.678467812
10271867,1.200434594
10293480,0.541946101
10299047,0.929741038
10311094,0.465616616
10333345,1.007703813
10356880,0.872235171
10381729,0.671809732
10391455,1.00114607
10411383,0.803733656
10424879,0.934078762
10427199,0.801829357
10427882,0.804704895
10434883,0.69481827
10454061,0.733929104
10469962,0.84696844
10470115,0.756361143
10475848,0.844458808
10494550,0.878200497
10524612,0.845006134
10542140,0.911480201
10559976,0.866651072
10569282,0.70364204
10588715,0.361591817
10607657,0.957012972
10610205,0.806355197
10611728,0.682194877
10627514,0.948378988
10634364,0.682967036
10637535,1.168368485
10656206,1.478726708
10656899,0.755661042
10671192,0.995476767
10701625,0.564199065
10705351,0.861507094
10743879,1.126039578
10749312,1.043539575
10749794,0.920062933
10779412,1.154700538
10787333,0.926105745
10835494,1.279793855
10857914,0.921867593
10859498,0.675382913
10860611,0.707106781
10880916,1.501554811
10881600,0.448448971
10882267,1.553160549
10883063,0.98606129
10905777,0.947401759
10921540,1.33449225
10928093,1.381085537
10945407,0.895620943
10945774,0.88888408
11016623,0.922971615
11022736,1.151573901
11041684,0.822777911
11060140,0.591766712
11061030,1.167343088
11067772,0.793530857
11082235,1.080345866
11120777,0.93526725
11121872,0.89581721
11122394,1.111384311
11125734,1.208428125
11159585,0.471404521
11201204,0.865879366
11202183,0.770596623
11213228,0
11223924,1.001853031
11240774,0.888823311
11258721,0.791361552
11275661,1.256903842
11275963,0.791883187
11276570,0.92007889
11282071,0
11304657,1.132441717
11306586,0.69128477
11334091,0.909357604
11343485,0.905704363
11345105,0.784464541
11357756,0.524764602
11370704,0.876242914
11371205,0.752903865
11376403,0.756252412
11389072,0.97599085
11398458,1.227093529
11398953,0.838822776
11421305,0.893069149
11431331,0.909894128
11454147,0.668951984
11462476,0.832667653
11470374,1.080658995
11470818,1.401608921
11474006,0.88697895
11474629,0.786012492
11492423,0.5845901
11494020,0.766688964
11498416,0.697742462
11498523,0.74249211
11498583,0.635178388
11521541,1.274816803
11528125,1.133893419
11547657,1.208519271
11553697,0.97637614
11563716,0.979022398
11568947,0.427533402
11569331,1.031320232
11584799,0.852413005
11587574,1.058300524
11588543,0.993484338
11589644,0.813385705
11590000,0.793955019
11590512,0.959294714
11592067,0.961913028
11592154,1.20043279
11593592,1.000870247
11618815,0.871619776
11624428,1.197077497
11625336,1.120897077
11626869,0.810483959
11634778,0.865094703
11637504,0.500583557
11639480,1.218594215
11648212,0.1864628
11653496,0.956726589
11656698,0.737180833
11662212,0.731466649
11686744,0.792820566
11687031,1.046524747
11687122,0.694221959
11688611,0.843202765
11693129,0.892049752
11695285,1.013708021
11701611,1.001970242
11710680,1.009297539
11712306,0.724400867
11734812,0.89866506
11735784,0.958319243
11739985,0.865399807
11740527,0.906309343
11757166,0.933464884
11757251,-0.111111111
11757376,1.015032582
11758169,0.880148391
11760822,1.006601694
11767622,0.905694819
11784924,0.720558021
11787441,0.830833255
11788394,1.119751303
11799482,0.411597499
11813641,0.837660741
11826815,0.868675473
11827696,1.10341153
11841986,0.476572747
11842312,0.723588812
11853416,0.525456917
11856912,1.093343902
11857549,1.165125758
11861063,0.440795758
11866651,0.992265031
11866869,0.940884243
11873789,1.146780843
11885653,0.852246522
11896394,0.574227052
11902134,0.710474403
11905849,0.741740028
11906382,1.180754555
11912139,0.878976336
11921486,0.620116755
11924459,0.867519504
11927580,1.18030042
11940785,1.261181955
11947150,0.850886491
11963384,1.193924012
11964926,0.54713266
11970702,1.104724318
11972989,0.921822828
11981674,1.365273
11983286,0.857799411
11983535,0.786024447
11985521,0.730731314
11986653,0.576456306
12020829,0.743674456
12023024,0.873583195
12040113,0.668372485
12049787,0.637685214
12052288,0.928489738
12067685,0.657374842
12071820,0.601585757
12086434,0.731941831
12088322,0.204124145
12092499,1.10947794
12094488,0.603836522
12103501,0.344877755
12109171,0.783954776
12128290,0.777315528
12143408,0.845592216
12154934,0.597737012
12168286,0.750503298
12175961,0.561619757
12176027,0.921347064
12191871,0.96129034
12208307,1.886484437
12209339,1.385869734
12210223,0.644263313
12211821,0.566617675
12221012,0.917441631
12232499,0.770290785
12233043,0.643679002
12233225,0.682846691
12233285,0.639247158
12233830,0.904683699
12246137,0.964836303
12247217,0.400478533
12253029,0.811776061
12253499,0.926703944
12262803,0.232495277
12263690,0.88045972
12268144,0.694589038
12269155,0.864028021
12274601,0.702235853
12284774,2.117230896
12286410,0.816316537
12287958,0.684261701
12290886,0.682569174
12291029,0.883691372
12303347,0.87312825
12308161,0.950602002
12308927,0.816199118
12318093,0.956270453
12320063,0.837729453
12339410,0.871630137
12343588,0.924719129
12343708,0.987273852
12344014,0.486251535
12345890,0.566655623
12351909,0.891917387
12365454,0.702710991
12366845,0
12368012,0.348155312
12368082,1.18387419
12372052,0.710586599
12382239,0.603583545
12383204,0.324711828
12383703,0.433428018
12384469,1.075173853
12386020,0.990953885
12390027,0.675948447
12405534,1.540471469
12409042,0.959985081
12425501,0.798682889
12428994,0.633749577
12432535,0.680278595
12446656,0.847653078
12450026,0.312358076
12489909,0.543144211
12489916,0.698484055
12492474,1.324000899
12493396,0.879279671
12508801,1.267584309
12515067,0.791721767
12535687,0.725158531
12540640,0.627524078
12560987,0.704098966
12566065,0.643894836
12580274,0.795613701
12581300,1.082924396
12586305,0.614908664
12592117,0.746958957
12592696,1.3
12593225,0.552976329
12593655,0.52999894
12599820,0.452368927
12602632,1.03475607
12608363,0.994162157
12618291,0.813633377
12621291,0.92695108
12630619,0.78933767
12646288,0.778133994
12648403,0.662286031
12652181,0.803903124
12665563,0.946597593
12672097,0.689649679
12678952,1.120142767
12699603,1.21912566
12707324,0.397772317
12708781,0.92058664
12709469,-0.671751442
12712045,0.843012688
12726343,0.654571234
12735111,0.372838121
12738641,0.761250907
12738816,1.228911113
12752442,0.799196616
12755021,0.15249857
12761363,0.862736872
12781774,0.950425699
12784064,0.811366298
12789527,0.459764308
12796034,0.577350269
12812461,0.979650539
12815192,0.449130849
12824498,0.902124438
12828996,0
12833084,0.917463422
12834650,0.614210971
12855005,1.052461019
12855343,0.876324803
12871137,0
12874603,0.462919076
12888054,0.552080129
12891323,1.064738709
12896684,0.849428549
12897110,0.614172306
12901078,1.08061616
12904318,0.426139714
12906305,0
12914154,0.951725631
12916551,0.827388858
12927298,0.595667888
12931313,0.789045368
12932001,1.132139138
12949270,1.194023686
12950332,0.926214765
12957423,0.897710751
12962923,0.815489186
12971329,1.202791557
12972378,2.25
12973308,1.05242083
12979965,0.684695124
12984263,0.902492236
12984748,0
12986016,0.353553391
12987348,0.84437943
12997241,0.109108945
12997334,1.267765834
13004551,0.87197139
13005579,0.856986717
13015767,0.820780439
13017064,0.772082347
13024208,0.765214189
13024385,1.22556132
13027627,0
13028092,0.849707897
13028935,0.963043921
13029806,0.894429298
13031523,0.737458835
13032174,0.943898193
13032590,0.873717333
13044229,0.742141595
13046581,0.830710502
13046976,0.875277344
13054720,0.853215231
13056821,1.021873833
13062783,1.017117801
13063236,0.904098753
13063952,1.184422913
13074357,0.481213326
13076586,1.161157559
13077603,0.935403724
13078025,0.975041008
13078148,0.733732557
13078164,1.020050695
13079659,0.597449183
13079902,0.980723295
13080375,0.573377551
13081090,0.601891356
13082258,0.336363636
13083058,0.952068563
13083342,1.177939295
13090471,1.118033989
13100828,0.875890965
13101775,1.140824858
13107648,0.954897969
13110084,0.810194286
13110347,0.9482863
13110631,0.813479313
13121821,0.886631936
13126713,0.966368903
13140867,0.985684683
13151270,1.25833392
13156872,0.804313094
13171246,1.089436954
13173203,0.615908734
13185237,1.456307136
13188046,1.137647405
13188501,0.506072342
13189564,0.811637316
13190410,0.743754484
13214949,0.805955865
13216268,0.833510476
13218392,0.721181831
13218729,0.135873244
13225005,0.819761095
13236820,0.919525808
13236936,-0.620263873
13239143,1.426075548
13242393,1.304223932
13248823,1.294366492
13249829,0.657830719
13249923,1.443840525
13258244,1.051818906
13261681,0.950069768
13264687,0.591990086
13265095,0.387835876
13266133,1.063753214
13266176,0.699571941
13266833,0.0875
13275308,0.87849499
13275334,0.918689023
13278130,0.662207044
13281106,0.223361342
13282275,2.04
13294824,0.929957503
13295386,0
13296735,0.835506326
13298014,-0.239045722
13298137,0.658006805
13299410,0.049241206
13306033,0.72530041
13307513,0.670820393
13325983,0.7431248
13327034,0.805528252
13327413,1
13333256,0
13334098,0.56254395
13344433,0.92099385
13345701,0.814870619
13355213,0.783054272
13363171,0.55215763
13369452,-0.260377822
13374617,0.60965182
13376457,0.842538323
13377097,0.823661357
13378923,1.014796986
13378936,0.94245661
13378987,1.035146206
13379155,0.62362734
13391024,0.874610612
13391640,0.535401008
13393418,0.740526719
13397201,0.780877272
13414159,0.92490821
13414367,0.741781887
13422887,0.684105255
13433298,0.887567717
13443949,0.469891221
13449049,0.529141699
13450030,0.782108082
13460331,1.217514021
13466700,0.869318288
13466910,0.833449184
13477286,1.2489996
13478868,0.719311018
13487348,1.157775191
13488423,0.707106781
13490438,0.854198556
13490995,1.096965511
13494185,0.951715484
13509242,0.717423165
13510994,0.974865438
13513012,0.979212601
13515084,0.772986306
13515118,0.653273486
13525610,0.903705321
13530359,NA
13531200,0.802260433
13532311,0.869639815
13546414,0.722224388
13547301,0.87574571
13550969,0.83447263
13555596,1.624553864
13564762,0.932493298
13565466,0.350131264
13565471,0.466666667
13578425,1.555634919
13584318,1.233296819
13585624,1.165738973
13586128,0.856171368
13586491,0.953155701
13590412,0.777701816
13594886,0.809936046
13602008,0.391594551
13613229,0.970529049
13614982,0.694501436
13621476,0
13624971,0.805138706
13638077,0.277350098
13640138,0.98184728
13642024,1.376195133
13642260,0.698195548
13652639,0.892210374
13653016,0.642836826
13656292,1.041730495
13656969,1.084114192
13658522,0.801988608
13669224,0.918032986
13671334,0.698730278
13673021,0.781242845
13674701,0.998330326
13675884,0.582363475
13681910,0.877046746
13684251,0.451172097
13684319,0.615674245
13684464,0.972421622
13685207,0.516186627
13685228,0.409444458
13685577,0.572200835
13685592,0.630305872
13686161,0.76358928
13696242,0.931046882
13697676,0.89993303
13697966,0.653773484
13698474,0.67909975
13707814,1.336020524
13711242,0.787103675
13711334,0.949498578
13713713,0.98309407
13714817,1.368740472
13714934,1.16779086
13719227,0.790628798
13723404,0.633431976
13728510,0.835388391
13733887,0.943161282
13751426,0.919366111
13752754,0.795966463
13768853,0.798902555
13778731,1.160507619
13782612,0.905038238
13788865,0.558297922
13796564,0.471465832
13797162,0.907079358
13800294,0.794227051
13810937,0.576776695
13820571,0.944337599
13829133,1.291229325
13830152,0.878405233
13863117,0.730687625
13864196,0.566173107
13864415,0.910172851
13865867,0.878915518
13866156,0.63253609
13874533,0.766696175
13883902,0.876933185
13884549,0.758733433
13907143,0.940479643
13908031,0.994895569
13908638,0.571702934
13912429,0.508903862
13912467,0.947929394
13912470,0.8229481
13912472,0.855848038
13918656,0.401844622
13924495,0.648625874
13926272,1.31214407
13926284,0.068680282
13927765,1.107752925
13937181,0.930503625
13943142,0.693476093
13951579,0.989109062
13959444,0.958291875
13968572,1.398413729
13978700,0.293576376
13993185,0.81582969
13995573,0.93613471
13996398,0.661156776
14025330,0
14025410,1.549654339
14035943,0.783369053
14040282,0.836188238
14040844,0.880031259
14041036,0.845312203
14055624,0
14057189,1.058557886
14057466,0.751850374
14065905,0.814818488
14071446,1.171215145
14072256,0.649032392
14072546,0.701343507
14073235,1.016175186
14074739,0.79141882
14075290,0.691752869
14083611,0.629994397
14086516,1.007825701
14086550,0.974652384
14091605,1.153526972
14093943,0.614127695
14094279,1.152751171
14104621,0.875438665
14105971,1.043170284
14107067,0.869404428
14111670,0.766895602
14124430,0.84663892
14125957,1.03261966
14127153,0.265028008
14153636,1.001489663
14161407,1.253566341
14168664,0.776357665
14178758,0.93189584
14186170,0.961651529
14191723,0.846760097
14196983,2.356753215
14200338,0.962794338
14203428,1.050565777
14204600,0.801563071
14215317,0.611302241
14216000,1.243360748
14216418,0.626099034
14217967,1.135000713
14220964,0.859744471
14221294,0.930195098
14222649,0.810854194
14231514,1.279177977
14237196,0.797786388
14239909,1.026679657
14242888,1.027855251
14246616,0.99656554
14246956,0.706913415
14251275,0.812780754
14251839,0.820312069
14253149,0.83923039
14253485,-0.210818511
14254537,0.908590822
14255219,0.807527739
14260905,0.872303781
14262627,0.798660116
14272646,0.755875676
14274311,1.015767336
14300751,0.822744891
14303090,0.615623155
14311859,0.835311564
14315662,1.085188115
14319414,0.97837769
14337161,0.93422099
14339068,1.049387165
14353399,0.821779241
14367406,1.307617304
14367642,0.877900492
14372667,1.240751753
14387004,0.989949494
14397533,1.051417521
14402688,0.72734007
14404369,0.918994739
14404992,0.710976442
14406532,0.798001353
14413896,0.992574556
14414473,0.919651058
14415125,0.441635747
14416538,1.129207373
14418787,0.81681062
14421197,1.144317149
14421304,1.041572368
14421605,0.535510378
14421692,0.5
14421841,0.682697867
14421910,0.887298335
14422439,0.503606798
14422695,1.203162025
14423004,0.829194735
14423116,1.440588115
14423483,0.795859299
14424180,0.456653442
14426124,0.9240001
14426987,0.830366925
14428517,0.968061391
14428745,0.784803621
14442491,0.940545853
14452500,0.722359186
14460344,0.789760887
14461498,0.899019972
14461998,0.781900668
14463226,0.832072582
14469677,0.892217639
14470701,0.616057182
14472483,0.800089251
14472812,0.846556993
14473036,0.691964478
14473053,0.648230042
14473323,0.918881378
14473564,1.111001331
14473911,0.78769679
14474750,0.981397793
14483758,0.659782629
14486237,0.866558643
14487262,0.563901528
14489201,0.95722147
14500012,0.655656527
14501824,0.992850046
14506396,1.359863629
14518405,0.766823221
14522631,0.995662043
14522917,0.835674353
14531631,1.036870201
14538087,0.795137102
14539326,1.417008494
14549157,0.73890489
14552102,1.083465892
14552847,0.643267521
14564883,0.734874314
14565879,0.479888754
14565888,0.566460973
14566386,0.912697781
14572100,0.700466607
14572499,0.917304525
14572515,0.666362582
14573951,1.017860632
14574647,0.520783443
14575184,0.820459011
14585335,1.007539319
14586440,0.697342161
14588643,0.252237792
14589695,1.454647724
14591627,1.032144666
14593751,0.533001791
14600925,0.434773572
14603013,0.91662382
14605670,0.695701085
14616134,0
14632658,1.040496218
14632821,0.952673002
14646704,0.796362616
14647962,0.812162872
14650655,0.926929897
14651378,0.734908551
14663743,0.83403288
14668276,1.172075331
14670143,0.657346179
14670311,1.301000151
14673441,0.684160655
14677678,0.55969982
14679817,0.806613239
14680277,1.00891753
14682588,0.640358314
14682931,1.10762808
14683493,0.74242863
14685769,0.939008675
14685903,0.468833806
14686119,0.429222651
14690527,0.902840581
14698794,0.897304774
14704252,0.868970651
14709217,1.167256883
14711125,1.048186736
14719754,0.844949723
14722711,0.816496581
14731382,0.84394723
14742722,1.082228157
14743129,0.428264365
14744481,0.721972258
14744525,0.879338184
14747309,0.941561115
14747561,0.535858926
14754902,0.861819292
14755734,0.957436608
14756184,0.855255463
14759485,0.732830923
14760955,0.70665845
14767573,1.096379513
14769652,0.768167382
14770892,1.056449521
14778561,1.121951218
14786796,0.702070432
14789788,1.052208314
14790081,0.856470467
14790692,0.684340507
14808631,0.674781875
14809312,0.940583155
14813006,0.921087389
14819274,1.135951578
14820482,0.775622304
14821064,0.7256297
14822424,0.982805067
14824568,0.919714906
14824684,0.740681885
14825159,0.747590005
14842237,0.526965186
14843050,0.642420814
14843783,0.937275846
14855656,0.837097345
14868157,1.008668931
14868545,0.889463749
14870402,0.924734734
14873100,0.773724982
14881574,0.579200568
14884243,0.735730359
14885592,0.36094826
14887491,1.029330317
14897219,0.86409274
14897997,0.876435525
14900386,0.860854238
14907062,0.921948184
14909417,0.66202914
14914016,0.948073927
14916248,0.759321087
14916417,0.791019828
14918032,1.015247675
14918329,1.628571429
14928000,1.201665511
14928081,1.600833116
14928666,0.613611879
14930357,0.714603437
14934511,1.059232743
14935220,0.458290241
14936017,0.780229802
14936298,0.879469913
14942643,0.443323408
14943350,1.039909972
14947188,0.791308804
14950089,0.818242632
14950328,0.805327745
14950378,0.849497066
14950476,1.130505881
14950622,1.065219258
14961073,0.6326476
14963976,1.028090492
14966475,0.731693843
14966548,0.920096465
14970501,0.852339055
14975916,1.019160275
14981303,0.948172152
14981534,1.121104428
14983707,1.034461894
14991616,0.353553391
14991767,1.120917305
14993326,0.794211685
14993599,0.96169197
14994629,1.082422796
14995433,1.131539853
14995900,0.684259006
15009005,0.832104175
15009095,0.848251569
15016872,0
15018607,0.811056451
15020152,0.885437745
15020486,1.23883838
15020493,0
15020558,1.162873742
15022444,0.991899359
15025907,0.821342706
15026535,0.420451486
15037015,0.877399432
15038186,0.835563661
15038991,0.746202507
15041272,0.950345589
15041925,0.817402589
15043894,0.702874915
15044173,0.607849606
15047711,0.7945692
15048978,0.963432512
15054000,0.600042411
15058488,0.771294487
15059574,0.877249221
15059730,1.262232351
15064899,0.803156602
15067247,0.850914492
15067484,0.627291306
15068390,0.963233761
15068478,0.623260188
15068710,0.897773258
15071185,0.909516254
15071413,0.8979859
15073826,0.991894709
15085512,0.663704622
15085544,0.881031738
15086350,0.937955595
15099163,0.911608042
15121740,1.177665032
15122796,0.833239321
15123918,0.699597998
15124436,1.057631714
15124883,0.726699826
15126054,0.873376468
15126071,0.821935102
15126511,0.697666479
15126633,0.555877622
15126802,1.017996242
15127120,0.505766653
15129089,0.847592714
15129654,0.912995891
15131365,1.10936705
15133464,0.655871818
15134020,0.85718502
15134904,0.794053816
15139748,0.734306338
15139846,0.883272623
15140520,0.773133321
15147053,0.827823625
15148487,0.886149405
15149497,1.023641365
15154816,0.812755454
15163837,1.15065923
15166391,0.896204671
15166858,0.841940178
15167383,0.923419754
15172518,0.554206477
15173160,0.774796112
15173372,0.889801267
15173640,0.683950962
15174147,0.877976475
15174895,0.61845197
15175183,0.356930095
15175370,0.524951208
15177273,1.362978328
15181577,0.746955543
15188208,1.039230485
15193464,0.731650637
15193504,0.84678346
15194685,1.136151611
15206282,1.061050469
15217781,0
15221390,0.859576393
15222071,0.817816116
15222140,1.143481634
15227776,0.879604165
15227977,0.751110325
15232044,0.904652444
15232309,1.264170007
15232621,-0.588900776
15233770,0.754604039
15235199,0.932693991
15236777,0.097937927
15238856,0.341521288
15246509,0.746781342
15251516,1.081846833
15254173,0.841857545
15255593,0.749407319
15256451,0.808572826
15256830,1.055269324
15256954,0.843498784
15264864,0.850336214
15267276,0.852802865
15267916,0.828015535
15268842,0.447213595
15281436,0.680698575
15281975,0.732630051
15282232,1.012330734
15283832,1.006863073
15284277,2.113216512
15284412,0.642600316
15284641,0.956771474
15285110,0.835657444
15285541,1.257237114
15287262,1.121933299
15297238,0.815765265
15308143,1.009125754
15313517,1.016126138
15314772,0.772518947
15314809,0.732502394
15314862,0.725486407
15318231,0.55248896
15322998,0.658875937
15326552,0.570559779
15337363,0.667461946
15338096,0.493217475
15338795,1.0957159
15340831,0.579089533
15341441,0.250311643
15342021,0.912174943
15342033,0.764957408
15342774,1.160507052
15343566,0.658116706
15344876,1.059049217
15348147,0.830355162
15352809,0.478951957
15356642,1.135628429
15360375,1.171398862
15370440,0.750235347
15370847,0.955512371
15374913,0.873373319
15375825,0.885975764
15376003,1.013957738
15376050,0.693756237
15390344,0.820768598
15390808,0.594188366
15390860,0.535125903
15397125,0.930084449
15404685,0.988987011
15405175,1.00668866
15407065,0.782740161
15407347,0.782071708
15407458,0.929704727
15407480,0.766107668
15407831,0.980723295
15408519,0.774494016
15408774,0.846971399
15409504,0.830033373
15410121,0.790207529
15411577,0.744272258
15411960,0.815274723
15417450,0.919312207
15420883,0.87930892
15421578,0.758680776
15423847,0.805402081
15426197,0
15429538,0.932013557
15429888,0.977338246
15432250,0.744658116
15433453,1.349811429
15434352,0.65845466
15434732,0.656863925
15435324,1.104695926
15437077,1.039183217
15444531,0.795243943
15444930,0.674912616
15451419,0.913740906
15453527,0.839529502
15462293,0.966086032
15463154,1.069640174
15468130,1.110865868
15470948,0.759101526
15471042,0.935696701
15471093,1.004347831
15476718,1.140634144
15481668,1.019381901
15483912,0.873272022
15493003,1.086482585
15494066,1.129247306
15498000,0.306778711
15498193,0.600888157
15498722,0.933323854
15498967,0.734932372
15499116,0.973798733
15500230,0.830775941
15504162,0.840124977
15507108,0.632975084
15508045,0.707106781
15509627,0.68957997
15509834,0.755471457
15517080,0.614876117
15517432,0.952979878
15520235,0.901917791
15521407,1.088026213
15522020,0.794785269
15524772,0.511920308
15524846,0.51560721
15524898,0.600975004
15525006,0.590051186
15525301,0.496871289
15525369,0.507029998
15525488,0.493624431
15535385,0.814401453
15536111,0.773820959
15541488,0.649628647
15543038,0.426401726
15543904,0.625640759
15548410,1.047221739
15552245,0.741524992
15559436,1.00403014
15569507,0.84464647
15579760,0.751765826
15580808,0.775540809
15581154,0.992775458
15581608,0.860908211
15581663,0.813785249
15581676,0
15581890,0.895855964
15582062,0.87276819
15582521,0.889830001
15584456,0.869217
15589328,0.689310477
15599662,1.125637396
15602584,0.898375526
15605948,0.797221399
15609432,0.097399529
15616726,1.030487749
15626546,0.403322416
15630129,0.682050486
15634401,0.76248503
15645642,0.996881078
15649018,1.332085613
15660279,1.239445438
15664359,0.622939959
15665707,0.887962222
15671680,0.741389267
15672225,0.690216396
15673767,0.775872196
15678463,0.793186913
15678924,0.821185392
15679333,0.918146945
15680687,0.569867567
15692812,0.762439577
15710997,0.962883647
15718623,0.301511345
15718719,0.485701327
15719599,0.832561017
15738758,1.182233729
15757141,1.027793931
15765466,0.682403638
15767124,0.996792621
15767548,1.10042371
15769929,0.943391444
15773147,0.42510971
15773389,-0.009449112
15789680,1.033708013
15796872,0.856336421
15797699,0.87013531
15805081,0.223295941
15805082,0.314165462
15819226,0.870402122
15820088,0.453363948
15821372,0.733387002
15827529,1.077558216
15832676,0.661857544
15833104,0.36785113
15841899,0.974063
15841981,0.311052746
15844652,0.343279813
15850186,0.504800148
15851308,1.022826403
15851383,1.262011084
15852298,0.417368142
15854065,0.792703887
15857974,0.856597671
15864923,0.88401585
15869937,0.585021367
15873100,0
15885237,0.998002708
15898519,NA
15898784,0.986606297
15901362,1.005433657
15902263,1.189294269
15905164,0.872411493
15916518,0.769458695
15916945,0.619868412
15917321,0.908187568
15929108,0.804023129
15930433,0.973080287
15935306,1.649474185
15936156,0.596962006
15954650,0.749186696
15956789,0.881182021
15985435,0.962357287
15989113,0.531733065
15990488,0.854820124
16001334,0.442857545
16002324,0.77104447
16013285,0.790749527
16013973,0
16030858,1.130963428
16037167,0.793624533
16040427,0.501909555
16040760,0.943541467
16052682,1.402089743
16067773,0.662578732
16071075,0.820054712
16071749,0.685482751
16081829,0.40824829
16106701,1.0782826
16119921,0.56008816
16120067,1.007699322
16125278,0.83007624
16131645,0.769911726
16132162,0.85480393
16148182,1.090610986
16148190,0.767067499
16148992,0.81861875
16150461,0.73612414
16156516,0.777739005
16160848,0.208699678
16163931,0.639500606
16172035,1.041039501
16172058,0.918077572
16177662,1.381682429
16177663,0.23570226
16177666,0.884447393
16177678,0.475937327
16177707,0.661909327
16188028,0.989502891
16188636,0.888034792
16204431,0.685856186
16221083,0.334863156
16230741,0.595450796
16232570,0.325213031
16233671,1.174825594
16239455,0.888332864
16259005,1.018776091
16265428,0.627213619
16269873,0.857944935
16272452,0.694236534
16272709,0.956079839
16272848,0.944676921
16273796,0.790724014
16274148,0.851086913
16274814,1.064220104
16275903,0.688860244
16276224,0.880285755
16276850,0.355964704
16276965,0.933994039
16282250,0.987826102
16286570,0.774849433
16288361,0.978111872
16288982,0.414613991
16289538,0.597189718
16312885,0.976016198
16322051,0.806502455
16322139,0.634045112
16324994,0.774619791
16334635,0.873490975
16335085,1.29548124
16338045,0.929638848
16338697,0.757877623
16344877,0.657594333
16347088,0.862401047
16351037,0.979480265
16352510,0.910864603
16362002,1
16363651,0.721896091
16364879,0.748952269
16367520,0.563677921
16377190,0.718974712
16379917,0.75672216
16381424,0.74403807
16382057,0.203807921
16392095,0.998917712
16413043,0.814460444
16413314,1.084390632
16425613,0.946583884
16426422,0.947098424
16427420,0.855098921
16427608,0.951464232
16441976,0.792704194
16443977,0.977777778
16447567,0.802854698
16453322,0.933298735
16453582,0.733239274
16459191,0.918956357
16462547,0.400648824
16464424,0.991345354
16469939,0.834858633
16479752,0.843436195
16484929,0.607556592
16488513,0.601354071
16489609,0.790687944
16490513,1.197606841
16494169,0.763485771
16494984,1.045867065
16497081,0.93095999
16503419,1.423834748
16514756,0.956563291
16517776,1.839219369
16519436,0.827952296
16531634,0.983810083
16532241,0.79454663
16536379,1.097838808
16540349,1.023568722
16543246,1.336035076
16545081,1.025645188
16569938,0.64909291
16570524,0.748936805
16573278,0.729567646
16596372,0.723394475
16600533,0.988173431
16618214,0.834451145
16631575,0.999784943
16671164,0.635286598
16674992,0.568212234
16677581,1.00946916
16678094,0.990173059
16689613,1.40076166
16690490,0.791112719
16690607,0.694819391
16692369,1.443471684
16693642,0.934565217
16721130,0.784337994
16721171,0.921891035
16731118,0.814335404
16733496,0.807560885
16739383,0.887338331
16739513,0.709467927
16739813,0.812288875
16750384,0.727746314
16755381,1.662065443
16779363,0.5
16810221,0.188775961
16810733,0.936103807
16813633,0.701463688
16814381,1.104105549
16841857,1.019903006
16843072,0.807720867
16845440,0.862062704
16845972,0.976954844
16854686,0.836412357
16858996,0.765922154
16859758,0.665649636
16859879,0.563519308
16869454,0.860646405
16869608,0.78971537
16869658,0.895214539
16870359,0.793432729
16878187,0.954428629
16890546,0.753778361
16892278,0.915678807
16894082,1.218560537
16894328,0.997779472
16895403,0.969116279
16896717,0.57534901
16904896,0.662328201
16909100,1.19896188
16922149,0.809416903
16930596,1.019617459
16930825,0.776630015
16941879,0.603837384
16943329,1.001231017
16954410,0.846016951
16960812,0.816666667
16961217,1.85
16966827,0.596360688
16977098,0.661794595
16977823,0.670593637
16983905,0.707106781
16985730,0.82236787
16986429,0.784489559
16987125,0.769477688
16999403,0.661098411
17000454,1.264159931
17006819,1.18858435
17008347,0.915456009
17015212,0.487726351
17015877,1.311734294
17023481,0.707795991
17024774,1.153712019
17036313,0.736939323
17037270,1.507556723
17039358,0.795201952
17039783,0.516397779
17045948,0.547527419
17063804,0.87194278
17070664,0.621528827
17075037,0.945538829
17076773,0.750231879
17078209,0.616302792
17093438,0.800082527
17101543,0.624660498
17110127,0.579721238
17134163,0.758119889
17138041,0.979669096
17139006,0.676569177
17139798,0.725052686
17140945,1.040741299
17147334,0.876676431
17152472,0.919226982
17153135,0.807449029
17156164,0.725670776
17156819,0.742728062
17157998,0.666166047
17158062,0.903917208
17167601,0.701435634
17169007,0.913193921
17174173,0.584645684
17190525,0.783255065
17210305,1.016299663
17211741,1.026168325
17218847,0.131982045
17222935,0.435889894
17223845,0.24
17237070,0.824042419
17237082,0.613651014
17237411,0.733603371
17239644,0.542429464
17249161,0.79904339
17252933,0.867497108
17264839,0.147441956
17265236,0.567417762
17268897,0.646412352
17271128,0.887871638
17280114,1.032411
17280729,0.766187535
17281599,0.5
17282895,0.658670445
17283046,0.725092762
17285926,1.040088762
17296595,0.903733788
17300267,0.860283139
17300316,1.088366961
17300501,0.965462902
17314294,0.870248703
17319951,1.270790812
17333101,0.915298946
17333246,0.685409417
17359335,0.778185934
17359540,0.876980477
17364530,1.016584913
17365333,0.891257134
17367804,0.763914906
17380802,0.655730242
17382859,0.60231403
17386330,0.814984629
17387160,0.835418175
17399127,0.87573975
17401983,1.169556928
17403733,0.777084982
17404477,0.851595204
17405146,0.840073352
17405305,0.793466375
17405389,0.658923656
17419463,0.144337567
17419858,0.812382001
17430142,0.921252281
17436077,1.171902135
17440484,0.850562883
17448181,0.991157056
17451062,0.858570719
17462718,0.990477632
17476391,0.5
17477782,1.023344812
17478309,0.942809042
17478893,0.566410093
17481668,0.748898698
17493147,1.057656215
17494062,0.661357191
17496201,0.154841017
17508585,0.27774603
17509246,0.734241262
17510567,0.871945301
17510784,0.856203937
17510868,0.768728182
17514163,0.303561201
17523133,1.166656154
17523630,1.087522017
17524373,0.946637569
17526985,0.879372635
17527059,0.490361648
17528529,0.854114328
17528696,0.764465249
17529340,1.017728952
17532711,0.657756789
17540316,0.790256684
17541222,0.742560266
17543473,0.94824447
17543635,0.87425792
17547347,0.799342648
17553435,0.93435951
17559493,0.641604817
17559756,0.845487931
17559846,0.994890443
17565296,0.40824829
17567087,0.975375832
17573922,0.895296134
17574145,1.028194444
17588460,0.476679795
17592876,0.780726039
17606513,1.18915398
17608648,0.81164487
17608927,0.95031485
17609053,0.218832194
17609382,0.798199386
17609594,0.579268931
17611122,0.714380289
17611434,0.572793198
17616603,0.965644222
17619874,0.187662973
17622706,0.627821235
17625675,0.914724372
17636554,0.794810992
17642283,0.791600107
17650359,0.896120851
17652172,0.989319482
17656957,1.227402539
17663849,1.028490994
17664717,1.106447239
17667949,0.84112184
17669015,0.918843238
17675806,0.417028828
17676984,1.212315908
17700561,1.059729275
17701434,0.905690483
17702303,0.658182207
17704067,0.408073761
17710012,0.990459594
17710500,0.970042885
17730361,0.844401832
17734408,0.787467074
17744380,0.952789658
17745620,1.150888916
17761020,1.041917521
17772521,0.892883452
17774119,0.793454345
17789443,0.744791545
17794571,1.071535504
17795007,0.957255017
17802176,0
17802330,0.945087713
17806747,1.244173413
17807912,0.613415651
17810176,1.358436501
17810293,0.866971852
17810550,0.590231991
17832598,1.046414159
17838605,0.888797674
17843922,0.76610728
17844037,0.277350098
17856284,0.819289876
17857197,1.106581853
17861343,0.799949233
17862060,0.75591663
17864579,0.635539363
17873069,0.785196436
17873248,0.901660979
17875439,1.066482775
17889985,0.596333267
17892643,0.433524026
17892769,0.926958543
17903944,0.872238283
17904725,0.941373342
17905853,0.557266394
17908743,0.896214789
17909363,1.359762764
17920249,0.815246292
17920651,0.099388373
17921621,0.704559606
17922370,0.899486177
17922433,0.773487124
17923033,1.004602206
17927755,0.998899633
17936801,1.070122385
17936963,0.857114612
17938180,0.86564712
17939305,0.893338846
17940636,0.946237156
17942707,1.034153137
17942714,0.89586657
17943034,0.783841939
17952482,0.871851025
17956307,1.186989573
17956766,0.840294519
17959491,-0.053256567
17962385,0.958929494
17962927,0.780551805
17973231,0.823681916
17974950,0.956315332
17975255,0.968361214
17989108,0.859854473
17994861,1.096096972
18005582,0.870650784
18016452,1.038109938
18021716,0.744572378
18029534,0.807359777
18047469,0.749578691
18052990,0.871610198
18053113,1.096672744
18053271,1.180121714
18055117,0.702246883
18055225,0
18070939,0.79504691
18074907,0.644256353
18074943,0.872758192
18077052,0.714149076
18093265,0.56332754
18101186,1.108695787
18104950,0.48507125
18105163,0.849531476
18105285,0.303063115
18110859,0.834842838
18112658,0.366243195
18118166,0.242535625
18119256,1.65383741
18123908,0.405081361
18124698,0.614069396
18126639,0.665444389
18134498,0.910241849
18136792,1.080224286
18137221,0.542703554
18141101,0.60807442
18154901,0.636288915
18154910,0.546608167
18155266,0.869669302
18158828,0.647923028
18159981,1.202871094
18160503,0.80431544
18162671,0.493273693
18175131,0.927990746
18175604,0.760312387
18181482,0.533098052
18193552,1.051690239
18193553,0.794254829
18194203,1.057646912
18194673,1.376825588
18197896,0.958994045
18199963,1.207144324
18202496,0.826084751
18207334,0.929149681
18207487,0.778120345
18207633,0.681534644
18207761,1.263248896
18209005,0.750755013
18209134,1.102639967
18209477,0.892845286
18213171,0.907764603
18214440,0.879243492
18220200,0.639602149
18225319,0.812585167
18226956,1.070738346
18228031,0.593645235
18228183,0.803993372
18228231,0.125910774
18230092,0.420871121
18231522,0.686903664
18235467,0.735316024
18235853,1.079796365
18238531,0.902134222
18239585,0.775057602
18240259,1.029103097
18241963,0.83523642
18254869,1.008246668
18255922,1.266347647
18263612,0.558409181
18266259,0.922958747
18267171,0.633849531
18275579,0.990924703
18276993,0.547125161
18283846,0.803488282
18290558,0.788579717
18294620,0.4
18307286,0.384722984
18311092,0.781803533
18311582,0.886330787
18325923,0.862493183
18332030,0.765008183
18338493,0.747554537
18342429,0.42805218
18342681,0.882388715
18342707,0.833174163
18345211,0.979706764
18345436,0.78601696
18354570,0.895513988
18356839,0.986260717
18358140,0.89136956
18362678,1.443375673
18368646,0.977151097
18369535,0.853762518
18370554,0.133901993
18373584,0.908753211
18374808,0.819649315
18376729,0.744065792
18376849,0.918709894
18377950,0.94998546
18383025,1.049422817
18387338,0.948508441
18388452,0.84620792
18395322,0.701971266
18396209,0.871609924
18411906,0.570743994
18412267,0.821371055
18438986,0.847628658
18440681,0.472662672
18445756,0.125
18448985,1.13135405
18449729,0.93943711
18456430,0.71776155
18458938,0.896743358
18459463,0.808129593
18462031,0
18462544,1.056503525
18472852,0
18473519,0.827486768
18475428,0.918761508
18476009,0.767908482
18485290,1.043278582
18487128,0.868777364
18488815,0.589906911
18488956,0.881909282
18489417,1.199221545
18489707,0.778126127
18490201,1.067248169
18491439,0.647990926
18498138,0.810750741
18499623,0.657215899
18502913,0.741360586
18504723,0.785196366
18507841,0.768263081
18508181,0.771916591
18508677,0.924360437
18517493,0.330524273
18518371,0.692775354
18519592,0.839695473
18527992,1.418538731
18535259,0.707106781
18537967,0.940462543
18546212,1.150206755
18550644,1.070215245
18557368,0.896114498
18557609,1.035077653
18560282,1.016025614
18561292,0.808290377
18562429,0.756785942
18565840,1.300317614
18575841,0.897745756
18580155,0.59634904
18582571,0.955063004
18584041,0.782181791
18584402,1.34047268
18584689,0.94632933
18584891,0.947684998
18584987,1.273695437
18596543,0.703737282
18599691,1.013354314
18599754,0.628792875
18600221,0.801783726
18605469,1.719570608
18609417,NA
18613633,0.016275769
18613760,0.662650642
18617002,0.902871041
18617774,0.523717105
18626944,0.979289825
18631999,1.075832347
18635413,NA
18636101,0
18637173,0.884682295
18637999,0.366043548
18638549,0.748331477
18647116,0.754592907
18648107,0.858119231
18650940,0.783084338
18652833,1.006490564
18659049,0.596471311
18666352,0.288675135
18672286,0.857673108
18672367,0.92746709
18672885,0.676439137
18674619,0.734604303
18684888,1.308096821
18686660,1.039402979
18690288,0.776553879
18690295,0.848285264
18690545,0.761576552
18690620,0.586517192
18690685,0.665687985
18690750,0.829709072
18704249,1.122810354
18706454,0.606752039
18714825,0.962212611
18726297,0.742430983
18726639,0.584656335
18734294,0.332387546
18735310,0.491393915
18736314,0.854290861
18736738,1.315621278
18736918,0.727323862
18746930,1.446391459
18755373,0.6739259
18755420,0.596836809
18755741,0.5225082
18756360,0.743600251
18760070,0.950641893
18765384,0.619319468
18766120,1.589769927
18770614,0.5
18774656,0.770979773
18777049,0.803808934
18783601,1.031713131
18786789,0.893658127
18788498,0.301511345
18789496,0.621853548
18789766,0.762283216
18790023,0.759613439
18792346,0.985638208
18793428,0.707106781
18802946,0.84415558
18807989,0.842232315
18808240,0.882659919
18810580,0.072727273
18810960,0.835790009
18811028,0.719826424
18811259,0.83620706
18811877,0.645640693
18812080,0.594017096
18812187,2.096874607
18812271,0.907796814
18812493,1.157569506
18820440,0.764299993
18820537,0.816531009
18823105,0.73604562
18826336,0.788687004
18837576,0.4929269
18840848,0.700634633
18840936,0.808222489
18841034,0.810861946
18841072,0.672902536
18841628,1.056135357
18846688,0.395528626
18848342,1.35558061
18857626,1.15
18858706,0.897939229
18866158,1.07855343
18873614,0.899320179
18874371,0.266666667
18875451,0.954058321
18875553,1.526198412
18875599,1.34465948
18876930,0.969542247
18879448,0.483825567
18888469,1.217517678
18890126,1.339334506
18892243,0.942990334
18893583,0.622055394
18894466,0.659895772
18898296,0.864481255
18899037,0.600472476
18902025,0.999707326
18907659,0.507092553
18908082,0
18909357,0.896923427
18912111,0
18912571,0.894338331
18915873,0
18923308,0.488188009
18930894,0.821547607
18934135,0.83814103
18934219,0.830588729
18934610,0.710496026
18941587,0.761024153
18942329,0.944815268
18944060,0.630444854
18944289,0.755774892
18945347,0.905714128
18945938,0.577350269
18945971,0.952190457
18946874,0.306186218
18955871,1.406718051
18957205,0.649314804
18962382,0.913196887
18969917,1.257933476
18974032,0.569270851
18974545,0.786669664
18975041,0.436192979
18979061,0.90452197
19005408,0.652461839
19007419,0.504486772
19014867,1.364484585
19015741,0.692937861
19017513,0.72017414
19018530,1.298509823
19019136,0.662781909
19019422,0.596063573
19019477,0.965083946
19019562,0.775435886
19019981,1.087519649
19020833,1.00371391
19033484,0.956901749
19039411,0.769478504
19050865,0.676240384
19051657,1.227093529
19052102,0.402646094
19053886,0.495623294
19055159,0.925352803
19056046,0.645719511
19056187,0.304306983
19065795,0.83472456
19065830,0.240301032
19065836,0.859682745
19071291,0.605850856
19071875,0.906306007
19081087,0.470955332
19081593,1.329363312
19084599,1.033238751
19084978,1.230036937
19087238,0.613277319
19088192,0.657288257
19096176,0.755095684
19097569,0.582593557
19099942,1.320634639
19100241,0.226912674
19102461,0.82208208
19102527,0.768510898
19102654,0.960252533
19102778,0.49713594
19102964,0.8873655
19103076,0.98395216
19111535,1.105943808
19111774,-0.225192456
19113658,0.332241726
19115109,0.494793053
19115873,1.206301701
19116365,0.846904194
19117780,0.591704277
19117781,0.964616139
19119469,0.796693409
19121881,0.816496581
19122257,0.603022689
19123216,1.255824164
19132074,0.963086825
19133703,0.846371444
19135407,0.632455532
19138622,0.169018727
19140676,0.71757241
19141729,1.080772906
19143327,1.031616131
19143984,0.919116462
19144667,0.608988187
19151055,0.827741039
19153136,0.614700856
19154786,0.748072288
19157248,1.440034246
19157252,1.377102123
19158669,1.324485539
19160014,0.632455532
19160261,3.080202438
19160270,0.847053296
19173890,0.794719414
19174144,0.798654451
19175044,0
19177159,1.096476902
19180117,1.05135037
19181423,0.627581861
19181603,0.946717163
19181840,0.541446132
19182228,0.998550438
19182289,0.68
19182296,0.980575641
19182691,1.05593262
19195239,0.84263929
19195602,0.639602149
19199046,0.911678984
19199379,0.813383717
19209297,0.705629232
19209936,0.800877281
19210194,0.871306585
19212437,0.884515003
19218707,0.80192457
19219071,0.833063339
19220895,1.024943788
19224791,0.800874074
19229464,1.281129427
19236205,1.253359123
19240978,0.816496581
19241264,1.267212181
19243707,0.800416378
19247246,0.456140751
19248168,0.99098781
19251462,1.076874916
19264842,0.19245009
19265709,0.47699778
19265951,-0.270914185
19269439,0.864049182
19281867,0.85263773
19282088,0.92503622
19290895,1.238910486
19292171,0.763070254
19294099,0.82345432
19295329,0.869775325
19296971,0.34201226
19303637,1.248099497
19303980,1.49769053
19307193,0.822980121
19308245,0.558995112
19308998,0.6143394
19309417,0.962259163
19309861,0.554700196
19310183,0.720599077
19311820,1.331583551
19315157,0.986683027
19316580,0.973172213
19316661,0.97042993
19323221,0.784458848
19324968,0.79391238
19327378,0.825402586
19327752,0.656329379
19328724,0.75417112
19328794,0.783324084
19330793,0.718675963
19330844,0.488797804
19330870,1.169175387
19338355,1.012174887
19344027,0.754540313
19346178,0.666794859
19347139,1.0309084
19351506,0.787624416
19356659,0.426665781
19358947,0.870283179
19361786,0.773501621
19364110,0.818578114
19373388,0.685230379
19384244,0.469931003
19412875,0.819726613
19413075,0.423552221
19415743,0.765368883
19420578,1.190913513
19428084,1.116209964
19430067,0.752893799
19430766,0.747793331
19435725,1.101381819
19436968,0.690216022
19437268,0
19448926,0.57999131
19455142,0.949205273
19455651,1.00444529
19457729,0.844020412
19458014,0.44160409
19468739,0.893846775
19469130,0.865697633
19469134,0.455028258
19473060,0.881508869
19486334,1.275810451
19489369,1.638202975
19498285,0.915880756
19501747,1.434013055
19504080,1.548526484
19504228,1.301859598
19506136,1.148281659
19506279,1.260234306
19507888,1.414879344
19520430,1.204851533
19522209,1.310316024
19526556,0.845471464
19527633,0.805296561
19530176,1.005911382
19532043,0.676892177
19532898,0.67257761
19540224,0.749028926
19544387,0.785775107
19544792,1.50519699
19544986,0.773341457
19545217,1.153082877
19545605,0.912634638
19550157,0.577350269
19550212,1.02812524
19550846,0.750696515
19552273,0.64321789
19552922,1.131538214
19553261,0.73116986
19555795,0.947841529
19561932,0.850379271
19562001,0.936175876
19564583,1.237596691
19567173,0.958760301
19568535,0.990329113
19570965,1.651828201
19571817,1.351733116
19571919,1.430891022
19574477,0.893962237
19581567,0.936881221
19583820,1.289698162
19584489,0.471331991
19588647,0.81547113
19593368,0.620733554
19593585,1.00582245
19593942,1.240304206
19599031,0.947205855
19602358,0.878603445
19602772,0.848528137
19603347,1.636329966
19608419,0.632455532
19618533,1.419801938
19620966,1.098076608
19621258,0.726113267
19622535,1.16
19623990,0.764113749
19625919,0.903128798
19631414,0.950683033
19636811,0.949243271
19642128,0.912920948
19650995,1.057304996
19653917,0.876454936
19655960,1.062781457
19661260,0.831838739
19661845,0.897447162
19670771,0.885571608
19672006,1.101253836
19672185,0.82180614
19672748,0.874668243
19674739,0.912870929
19676676,0.828323693
19679007,1.844039568
19680116,0.797420268
19691987,0.707106781
19694238,0.694234195
19694265,0.629733601
19694483,0.226778684
19695858,0.647114798
19699256,0.424264069
19700448,0.722872251
19701093,0.196548821
19702475,0.644211078
19714620,0.767211861
19716328,0.958481814
19720777,0.845351457
19720812,0.931921026
19727919,0.695233238
19734101,0.506039814
19737942,1.106634362
19744120,0.992547264
19749719,1.061048548
19750771,0.59034059
19751849,1.095405783
19754060,1.503487849
19763886,0
19769496,0.095782629
19777573,1.032795559
19779706,1.058300524
19783159,0.730500242
19785704,1.14711176
19787044,0.816855434
19790055,1.140420183
19790139,0.619411902
19798391,0.69792257
19820827,1.854393355
19823776,1.357953953
19823907,1.106228728
19824378,0.822180014
19824694,0.680337574
19826939,0.956154968
19827018,0.826184389
19830344,1.248332477
19830912,0.744841049
19830978,1.231708153
19839113,0.758012159
19842407,1.479442853
19855550,0.64811188
19858006,1.361152398
19858871,1.278427382
19870249,1.02220384
19870703,0.689164916
19875422,1.275810451
19884146,0.696937646
19885281,1.41472194
19885345,0.621192207
19887231,0.40824829
19891528,1.042181087
19904967,1.155310953
19905365,0.866465304
19909329,0.927761586
19910241,0.869252205
19911540,0.831485896
19914995,0.577350269
19918817,1.511427198
19926609,0.704124145
19927772,0.602454174
19932625,1.109238964
19933657,0.970882234
19945100,0.516705068
19951769,0.933533822
19959185,1.123797145
19961776,0.915139885
19965562,1.15137682
19969497,0.621321327
19971039,0.848332409
19977951,0.817981272
19982161,0.896717661
19987777,0.891094558
19991354,1.26342001
19996755,0.835774447
19996962,0
19997604,0.983401673
20000347,0.568063789
20011033,0.783705739
20015244,0.799897328
20015249,0.739795443
20023852,0.410761839
20023858,0.669134818
20023862,0.751767949
20023865,0.822302499
20026196,0.652271703
20031265,1.104659243
20032727,0.899536957
20035218,0.417028828
20035860,1.182968268
20038847,1.134553299
20045791,0.389277229
20050570,1.102270384
20053362,0.734998814
20055667,0.743776544
20055715,0.688395909
20056038,1.015794028
20057330,0.701727199
20064794,0.649267342
20067610,0.826184389
20068905,0.75629248
20085832,1.10716577
20088028,1
20090712,1.291478827
20091759,0.912804059
20094965,1.128023053
20117880,1.01120772
20135997,0.843171758
20137039,0.989949494
20137476,0.675557118
20137739,0.705642285
20148844,0.776055739
20151756,0.768803663
20152320,1.547957982
20152689,1.057491792
20164075,0.560285198
20164290,0.449778134
20172543,1.254815065
20173397,0.933333333
20174317,1.222053186
20174390,0.903195373
20175220,0.684225172
20189993,0.839271956
20192395,0.134839972
20204794,0.979237477
20206220,0.703562364
20206239,0.567972396
20212582,0.715915834
20213864,0.894427191
20214044,1.469693846
20216776,0.900170237
20216964,0.711465769
20217062,0.525440598
20219970,0.872977995
20228320,0.889209667
20229074,1.192555381
20235208,0.766706434
20237145,0.514495755
20237485,0.998969567
20242577,0.597778961
20245872,0.970040732
20248640,1.230774226
20250936,0.538815906
20255529,0.857350511
20256823,1.036549725
20264910,0.736044552
20268369,0.712056654
20269422,0.762492852
20269943,0.839018798
20279115,0.021350421
20279560,0.301511345
20281806,1.017971275
20282569,1.06588178
20285047,0.666666667
20285405,0.260565395
20285586,0.560707317
20297439,0.447213595
20300683,0.822615227
20305779,0.23313236
20307535,0.677077284
20308977,0.366588193
20309505,0.353489905
20309868,0.101413891
20310094,0.265700209
20317526,0.549125178
20324947,1.614995195
20325539,0.32053734
20329720,0.870908777
20330477,1.058261221
20331402,0.875431102
20349970,0.261715559
20354019,0.66833575
20355929,0.473736456
20359898,1.367297307
20361407,0.867762757
20362620,0.925081421
20363107,0.749193056
20387944,0.707106781
20392363,0.787709407
20392459,0
20401561,0.899912898
20406376,0.943502396
20409484,0.828469925
20410237,0.821902575
20410602,0.557086015
20417844,1.21546298
20420751,0.953926593
20421944,0.486208682
20431834,0.40824829
20432569,0.261116484
20433388,0.855804512
20436050,0.829188871
20436407,0.789615774
20436494,0.861499359
20438938,0.402492236
20443029,0.977879764
20445979,1.061624622
20446955,0.682907616
20454661,0.687549074
20456058,0.935206956
20456961,0.947213595
20459025,0.824673619
20465437,0.890253655
20466987,0.703057406
20468295,0.612269043
20476340,0.266587573
20479416,0.5
20482595,0.717006528
20492259,0.848920968
20492314,0.674711202
20493345,1.026531929
20493376,0.9701425
20497163,0.505327788
20499955,2.531139401
20504207,0.634690633
20514858,1.12597081
20518688,0.717009843
20520099,0.705439288
20522665,1.038785578
20523304,1.270056701
20540178,0.653132647
20554245,0.974037744
20556483,1.523905255
20560553,0.94767238
20567199,0.935640569
20570462,1.028305541
20574167,1.334636898
20581971,0.932800969
20582092,0.894427191
20582355,0.933333333
20585140,1.111718119
20587592,0.403526696
20588785,1.121301004
20589237,0.798979819
20590425,0.572734878
20596913,0.322333322
20601598,1.263624077
20611504,0.852429389
20612618,-0.372104204
20615859,0.933333333
20622324,0.618416096
20623206,0.935730635
20623854,0.7543127
20624939,0.706674136
20634420,0.969035594
20635474,0.849817895
20637238,1.029941909
20639600,1.340957255
20639808,1.24349418
20641847,-0.53935989
20645105,0.487874411
20647029,0.942139867
20648678,1.001869177
20648928,0.774165047
20649021,0.854467463
20649310,1.470066269
20650166,0.606237478
20650450,0.598333548
20650467,0.815038755
20650592,0.978432955
20650593,0.921471488
20651840,1.24684427
20660605,0.630618566
20661430,0.404914253
20663729,0.82322328
20664367,1.177404794
20664897,0.851726382
20666793,0.309342588
20673030,1.109824656
20687552,0.584200584
20693094,0.213200716
20695174,0.732790163
20704205,0.288675135
20710587,0.430039172
20711007,1.012522662
20722221,1.173838283
20722772,1.075151406
20723594,0.570414563
20726227,1.197867369
20726260,1.537058413
20726692,1.696822097
20726840,0.71582939
20726959,0.452267017
20727199,0.386166143
20727269,0.585201597
20727699,0.996089223
20727924,1.041644874
20729357,1.04244271
20730657,0.7841766
20730943,1.474061445
20732065,1.375632628
20732926,0.291484562
20740912,0
20744881,1.241791453
20745417,0.431772387
20747657,0.833245132
20747756,0.392268598
20754696,1.259826133
20760391,0.568732688
20762865,0.186009242
20763306,0.81702972
20770875,1.625247234
20771314,1.357677307
20772407,0.72090631
20773742,1.388571237
20775116,0.999722282
20782313,1.272792206
20783972,0.592697497
20785742,0.842933547
20785776,0.306186218
20786923,0.67909975
20787326,0.224859507
20788656,0.155648903
20788754,0.532362204
20788865,0.806334358
20790373,0.8066092
20801699,0.78270808
20805018,1.169395168
20810636,1.26571339
20810780,0.810666687
20811514,1.885717975
20814727,0.7907446
20817162,0.635085296
20817322,0.447213595
20817323,0.54272042
20817343,0.5
20817403,0.912710652
20817599,0.851220172
20817817,0.657394162
20818827,0.325859663
20819710,-0.070774085
20819948,-0.033942212
20842436,1.416325373
20844945,0
20849061,1.130513761
20858430,0.603253071
20860897,0.692820323
20861260,0.942007984
20862588,0.615850028
20864277,0.876149412
20864355,0
20868619,0.750016152
20870095,1.092869329
20872145,0.319801075
20872950,1.144586178
20873112,1.136790491
20877898,0.256789442
20880942,1.659686988
20884181,0.758946638
20884920,0.288675135
20885932,1.245428459
20886482,1.050629363
20888247,0.984584297
20891531,0.424264069
20895262,1.012056354
20896694,0.204124145
20901417,1.490829865
20902198,0.970547047
20902319,0.5
20903293,1.075174404
20903325,0.140352674
20903558,0.869318288
20904527,1.209856748
20913672,1.317076408
20914641,0.908439958
20915446,0.383887401
20918179,1.173538848
20918764,1.452485083
20928111,0.288675135
20929696,0.614319452
20930004,0.871779789
20940749,1.62
20944775,1.034229003
20947073,1.107916401
20953959,0.603850995
20954762,0.493196962
20960666,-0.403774955
20967455,0
20970394,0.695589843
20977237,0.316227766
20980209,1.266666667
20983197,1.095445115
20989824,1.596979908
20998585,1.038351176
20998700,0.553900312
20998710,0.845011787
20999140,1.238844963
21009527,-0.301511345
21011302,0.340168026
21014475,0
21026534,0.855163346
21038943,1.57116881
21039321,0.145210453
21039322,1.335474471
21041069,0.824957911
21056025,0.596843364
21067520,0.514495755
21090626,0.961467779
21092518,1.15
21107821,0.196116135
21112581,0.914452225
21127667,1.032795559
21135600,0.596962006
21135749,1.003802295
21154702,0.34299717
21171599,1.009650405
21200929,0.884651737